{"type":"world_loaded","value":{"user_id":"null","client_id":"null","minecraft_session_id":"675c4b12-d11f-4fa8-a772-ee9ed59fa85d","game_version":"1.19.4","operating_system":"windows","platform":"Windows 10","client_modded":true,"event_timestamp_utc":"2024-06-30T11:57:40.315894800Z","opt_in":false,"world_session_id":"4d61b1cb-fb0b-4f19-a932-2a736da9c99a","server_modded":true,"server_type":"server","game_mode":"survival"}}
{"type":"world_unloaded","value":{"user_id":"null","client_id":"null","minecraft_session_id":"675c4b12-d11f-4fa8-a772-ee9ed59fa85d","game_version":"1.19.4","operating_system":"windows","platform":"Windows 10","client_modded":true,"event_timestamp_utc":"2024-06-30T11:57:57.450524500Z","opt_in":false,"world_session_id":"4d61b1cb-fb0b-4f19-a932-2a736da9c99a","server_modded":true,"server_type":"server","seconds_since_load":17,"ticks_since_load":354}}
