{
  "activateSkinCapeForUserVersion": false,
  "skipHashsumValidation": false,
  "additionalFiles": [
    {
      "sha1": "6d6d5a3d45931840c6af826f7c0a140be4924cf8",
      "size": 18578667,
      "path": "libraries/net/minecraft/client/1.19.4-20230314.122934/client-1.19.4-20230314.122934-srg.jar",
      "url": "http://res.tlauncher.org/unb/libraries/cache/net/minecraft/client/1.19.4-20230314.122934/client-1.19.4-20230314.122934-srg.jar"
    },
    {
      "sha1": "d44f321e27611c58f14f835bcac46d6fea32c936",
      "size": 11066539,
      "path": "libraries/net/minecraft/client/1.19.4-20230314.122934/client-1.19.4-20230314.122934-extra.jar",
      "url": "http://res.tlauncher.org/unb/libraries/cache/net/minecraft/client/1.19.4-20230314.122934/client-1.19.4-20230314.122934-extra.jar"
    },
    {
      "sha1": "a03ca511dc603176138ea0bba2e47db63024754a",
      "size": 12410103,
      "path": "libraries/net/minecraft/client/1.19.4-20230314.122934/client-1.19.4-20230314.122934-slim.jar",
      "url": "http://res.tlauncher.org/unb/libraries/cache/net/minecraft/client/1.19.4-20230314.122934/client-1.19.4-20230314.122934-slim.jar"
    },
    {
      "sha1": "f14771b764f943c154d3a6fcb47694477e328148",
      "size": 7844191,
      "path": "libraries/net/minecraft/client/1.19.4-20230314.122934/client-1.19.4-20230314.122934-mappings.txt",
      "url": "http://res.tlauncher.org/unb/libraries/cache/net/minecraft/client/1.19.4-20230314.122934/client-1.19.4-20230314.122934-mappings.txt"
    },
    {
      "sha1": "1805b0b17de12323a6509b153a6b898fdf84fedc",
      "size": 2775448,
      "path": "libraries/net/minecraftforge/forge/1.19.4-45.3.0/forge-1.19.4-45.3.0-universal.jar",
      "url": "http://res.tlauncher.org/unb/libraries/cache/net/minecraftforge/forge/1.19.4-45.3.0/forge-1.19.4-45.3.0-universal.jar"
    },
    {
      "sha1": "951353f7b646794a6db7900921e2100d3fb90cad",
      "size": 5487009,
      "path": "libraries/net/minecraftforge/forge/1.19.4-45.3.0/forge-1.19.4-45.3.0-client.jar",
      "url": "http://res.tlauncher.org/unb/libraries/cache/net/minecraftforge/forge/1.19.4-45.3.0/forge-1.19.4-45.3.0-client.jar"
    },
    {
      "sha1": "13aeea5b95ae0928109f9b64e181651441820d2e",
      "size": 117216,
      "path": "libraries/net/minecraftforge/fmlcore/1.19.4-45.3.0/fmlcore-1.19.4-45.3.0.jar",
      "url": "http://res.tlauncher.org/unb/libraries/cache/net/minecraftforge/fmlcore/1.19.4-45.3.0/fmlcore-1.19.4-45.3.0.jar"
    },
    {
      "sha1": "764616c79ed3e3def47acb8261877a186744247c",
      "size": 16493,
      "path": "libraries/net/minecraftforge/javafmllanguage/1.19.4-45.3.0/javafmllanguage-1.19.4-45.3.0.jar",
      "url": "http://res.tlauncher.org/unb/libraries/cache/net/minecraftforge/javafmllanguage/1.19.4-45.3.0/javafmllanguage-1.19.4-45.3.0.jar"
    },
    {
      "sha1": "36d85cf4dae773f11faae7b34aaab4c5636510b0",
      "size": 4984,
      "path": "libraries/net/minecraftforge/mclanguage/1.19.4-45.3.0/mclanguage-1.19.4-45.3.0.jar",
      "url": "http://res.tlauncher.org/unb/libraries/cache/net/minecraftforge/mclanguage/1.19.4-45.3.0/mclanguage-1.19.4-45.3.0.jar"
    },
    {
      "sha1": "dcba60f8ba0b45885b77bc379d111d768df0bd66",
      "size": 7376,
      "path": "libraries/net/minecraftforge/lowcodelanguage/1.19.4-45.3.0/lowcodelanguage-1.19.4-45.3.0.jar",
      "url": "http://res.tlauncher.org/unb/libraries/cache/net/minecraftforge/lowcodelanguage/1.19.4-45.3.0/lowcodelanguage-1.19.4-45.3.0.jar"
    }
  ],
  "tlauncherVersion": 0,
  "modpack": {
    "modpackMemory": false,
    "memory": 0,
    "id": -10835554608200,
    "name": "1.19.4 MajnrikCZSK",
    "favorite": false,
    "version": {
      "mods": [
        {
          "stateGameElement": "active",
          "id": 324717,
          "name": "Jade 🔍",
          "author": "snownee_",
          "linkProject": "https://www.curseforge.com/minecraft/mc-mods/jade",
          "favorite": false,
          "categories": [
            {
              "id": 6,
              "name": "map_information",
              "shortName": "maps",
              "nesting": 0
            }
          ],
          "picture": 778705,
          "pictures": [
            161214,
            75536,
            161217,
            75537,
            161215,
            161213,
            161219,
            161218,
            389698,
            75534,
            75535,
            75533,
            161216
          ],
          "lanName": "jade",
          "version": {
            "id": 4573063,
            "name": "Jade-1.19.4-forge-10.3.1",
            "updateDate": 1686160800000,
            "type": "release",
            "gameVersionsDTO": [
              {
                "id": 44,
                "name": "1.19.4"
              }
            ],
            "metadata": {
              "sha1": "a721ce773591d0d353046e67071943a8b179ac17",
              "size": 447581,
              "path": "mods/Jade-1.19.4-forge-10.3.1.jar",
              "url": "/mods/324717/4573063/Jade-1.19.4-forge-10.3.1.jar"
            },
            "available": false,
            "minecraftVersionTypes": [
              {
                "id": 1,
                "name": "forge"
              }
            ]
          },
          "downloadMonth": 42,
          "userInstall": false,
          "populateStatus": false,
          "dependencies": [],
          "lastGameVersion": {
            "id": 52,
            "name": "1.21"
          },
          "updated": 1719522000000,
          "update": 1719522000000,
          "downloadALL": 6495768,
          "available": true,
          "parser": true,
          "totalComments": 0,
          "adult": false
        },
        {
          "stateGameElement": "active",
          "id": 416089,
          "name": "Simple Voice Chat",
          "author": "henkelmax",
          "uuid": "7d6a72e4-c34d-11ea-8f8c-b42e996a7d7a",
          "linkProject": "https://www.curseforge.com/minecraft/mc-mods/simple-voice-chat",
          "favorite": false,
          "categories": [
            {
              "id": 55,
              "name": "adventure_and_rpg",
              "shortName": "roleplay",
              "nesting": 0
            },
            {
              "id": 15,
              "name": "server_utility",
              "shortName": "plugins",
              "nesting": 0
            }
          ],
          "picture": 778711,
          "pictures": [],
          "lanName": "simple-voice-chat",
          "version": {
            "id": 5245578,
            "name": "voicechat-forge-1.19.4-2.5.12",
            "updateDate": 1712552746000,
            "type": "release",
            "gameVersionsDTO": [
              {
                "id": 44,
                "name": "1.19.4"
              }
            ],
            "metadata": {
              "sha1": "42bfc7b24fb0ccfa89769c9b2266037c9c854d37",
              "size": 7704112,
              "path": "mods/voicechat-forge-1.19.4-2.5.12.jar",
              "url": "/mods/416089/5245578/voicechat-forge-1.19.4-2.5.12.jar"
            },
            "available": false,
            "minecraftVersionTypes": [
              {
                "id": 1,
                "name": "forge"
              }
            ]
          },
          "downloadMonth": 83,
          "userInstall": false,
          "populateStatus": false,
          "dependencies": [],
          "lastGameVersion": {
            "id": 52,
            "name": "1.21"
          },
          "updated": 1718571600000,
          "update": 1718571600000,
          "downloadALL": 1588165,
          "available": true,
          "parser": true,
          "totalComments": 0,
          "adult": false
        },
        {
          "stateGameElement": "active",
          "id": 321117,
          "name": "Traveler's Backpack",
          "author": "tiviacz1337",
          "linkProject": "https://www.curseforge.com/minecraft/mc-mods/travelers-backpack",
          "favorite": false,
          "categories": [
            {
              "id": 83,
              "name": "storage",
              "shortName": "storage",
              "nesting": 0
            },
            {
              "id": 4,
              "name": "armor_weapons_tools",
              "shortName": "military",
              "nesting": 0
            },
            {
              "id": 2,
              "name": "adventure_rpg",
              "shortName": "rpg",
              "nesting": 0
            },
            {
              "id": 3,
              "name": "cosmetic",
              "shortName": "cosmetic",
              "nesting": 0
            }
          ],
          "picture": 787448,
          "pictures": [
            268304,
            268305,
            335415,
            268306,
            337611
          ],
          "lanName": "travelers-backpack",
          "version": {
            "id": 4985851,
            "name": "TravelersBackpack-1.19.4-8.4.20",
            "updateDate": 1703630113000,
            "type": "release",
            "gameVersionsDTO": [
              {
                "id": 44,
                "name": "1.19.4"
              }
            ],
            "metadata": {
              "sha1": "6544beca8df6655961cf2a8e6e92352130b5cdf7",
              "size": 1054491,
              "path": "mods/TravelersBackpack-1.19.4-8.4.20.jar",
              "url": "/mods/321117/4985851/TravelersBackpack-1.19.4-8.4.20.jar"
            },
            "available": false,
            "minecraftVersionTypes": [
              {
                "id": 1,
                "name": "forge"
              }
            ]
          },
          "downloadMonth": 17622,
          "userInstall": false,
          "populateStatus": false,
          "dependencies": [],
          "lastGameVersion": {
            "id": 51,
            "name": "1.20.6"
          },
          "updated": 1717966800000,
          "update": 1717966800000,
          "downloadALL": 20184074,
          "available": true,
          "parser": true,
          "totalComments": 0,
          "adult": false
        }
      ],
      "resourcePacks": [],
      "maps": [],
      "shaderpacks": [],
      "gameVersionDTO": {
        "id": 44,
        "name": "1.19.4"
      },
      "minecraftVersionName": {
        "id": 3750,
        "name": "45.3.0"
      },
      "id": -10835554628701,
      "name": "1.0",
      "available": false,
      "minecraftVersionTypes": [
        {
          "id": 1,
          "name": "forge"
        }
      ]
    },
    "userInstall": false,
    "populateStatus": false,
    "available": false,
    "parser": false,
    "totalComments": 0
  },
  "source": "local_version_repo",
  "jar": "1.19.4",
  "skinVersion": false
}